{
    "trec": {
      "dataset": "trec",
      "split": "test",
      "accuracy": 0.966,
      "f1_weighted": 0.9654188601875985,
      "precision_weighted": 0.9666421145287213,
      "recall_weighted": 0.966,
      "per_class_metrics": {
        "0": {
          "precision": 0.9,
          "recall": 1.0,
          "f1": 0.9473684210526315,
          "support": 9
        },
        "1": {
          "precision": 0.9759036144578314,
          "recall": 0.8617021276595744,
          "f1": 0.9152542372881356,
          "support": 94
        },
        "2": {
          "precision": 0.9716312056737588,
          "recall": 0.9927536231884058,
          "f1": 0.982078853046595,
          "support": 138
        },
        "3": {
          "precision": 0.9846153846153847,
          "recall": 0.9846153846153847,
          "f1": 0.9846153846153847,
          "support": 65
        },
        "4": {
          "precision": 0.9302325581395349,
          "recall": 0.9876543209876543,
          "f1": 0.9580838323353293,
          "support": 81
        },
        "5": {
          "precision": 0.9739130434782609,
          "recall": 0.9911504424778761,
          "f1": 0.9824561403508771,
          "support": 113
        }
      },
      "confusion_matrix": [
        [
          9,
          0,
          0,
          0,
          0,
          0
        ],
        [
          0,
          81,
          3,
          1,
          6,
          3
        ],
        [
          1,
          0,
          137,
          0,
          0,
          0
        ],
        [
          0,
          1,
          0,
          64,
          0,
          0
        ],
        [
          0,
          1,
          0,
          0,
          80,
          0
        ],
        [
          0,
          0,
          1,
          0,
          0,
          112
        ]
      ],
      "total_samples": 500
    },
    "squad": {
      "dataset": "squad",
      "split": "validation",
      "accuracy": 0.9955534531693472,
      "f1_weighted": 0.9955476416177755,
      "precision_weighted": 0.9956196228863972,
      "recall_weighted": 0.9955534531693472,
      "per_class_metrics": {
        "0": {
          "precision": 1.0,
          "recall": 0.9991146525011066,
          "f1": 0.9995571302037201,
          "support": 6777
        },
        "1": {
          "precision": 0.9983093829247676,
          "recall": 0.9704190632703369,
          "f1": 0.9841666666666666,
          "support": 1217
        },
        "2": {
          "precision": 0.9804195804195804,
          "recall": 0.9943262411347518,
          "f1": 0.9873239436619718,
          "support": 705
        },
        "3": {
          "precision": 0.9872881355932204,
          "recall": 1.0,
          "f1": 0.9936034115138592,
          "support": 466
        },
        "4": {
          "precision": 0.9842696629213483,
          "recall": 0.9992395437262357,
          "f1": 0.9916981132075472,
          "support": 1315
        },
        "5": {
          "precision": 0.9574468085106383,
          "recall": 1.0,
          "f1": 0.9782608695652174,
          "support": 90
        }
      },
      "confusion_matrix": [
        [
          6771,
          2,
          3,
          1,
          0,
          0
        ],
        [
          0,
          1181,
          11,
          3,
          21,
          1
        ],
        [
          0,
          0,
          701,
          2,
          0,
          2
        ],
        [
          0,
          0,
          0,
          466,
          0,
          0
        ],
        [
          0,
          0,
          0,
          0,
          1314,
          1
        ],
        [
          0,
          0,
          0,
          0,
          0,
          90
        ]
      ],
      "total_samples": 10570
    },
    "sciq": {
      "dataset": "sciq",
      "split": "test",
      "accuracy": 0.999,
      "f1_weighted": 0.999000579710145,
      "precision_weighted": 0.9990285714285715,
      "recall_weighted": 0.999,
      "per_class_metrics": {
        "0": {
          "precision": 1.0,
          "recall": 1.0,
          "f1": 1.0,
          "support": 894
        },
        "1": {
          "precision": 1.0,
          "recall": 1.0,
          "f1": 1.0,
          "support": 4
        },
        "2": {
          "precision": 1.0,
          "recall": 1.0,
          "f1": 1.0,
          "support": 7
        },
        "3": {
          "precision": 1.0,
          "recall": 1.0,
          "f1": 1.0,
          "support": 23
        },
        "4": {
          "precision": 1.0,
          "recall": 0.9736842105263158,
          "f1": 0.9866666666666667,
          "support": 38
        },
        "5": {
          "precision": 0.9714285714285714,
          "recall": 1.0,
          "f1": 0.9855072463768116,
          "support": 34
        }
      },
      "confusion_matrix": [
        [
          894,
          0,
          0,
          0,
          0,
          0
        ],
        [
          0,
          4,
          0,
          0,
          0,
          0
        ],
        [
          0,
          0,
          7,
          0,
          0,
          0
        ],
        [
          0,
          0,
          0,
          23,
          0,
          0
        ],
        [
          0,
          0,
          0,
          0,
          37,
          1
        ],
        [
          0,
          0,
          0,
          0,
          0,
          34
        ]
      ],
      "total_samples": 1000
    }
  }